<application>
  <component name="ExternalResourceManagerImpl">
    <resource url="urn:jboss:batch-jberet:1.0" location="$USER_HOME$/Documents/sources_jee/wildfly-18.0.1.Final/docs/schema/batch-jberet_1_0.xsd" />
    <resource url="urn:jboss:cli:1.0" location="$USER_HOME$/Documents/sources_jee/wildfly-18.0.1.Final/docs/schema/jboss-as-cli_1_0.xsd" />
    <resource url="urn:jboss:cli:1.1" location="$USER_HOME$/Documents/sources_jee/wildfly-18.0.1.Final/docs/schema/jboss-as-cli_1_1.xsd" />
    <resource url="urn:jboss:cli:1.2" location="$USER_HOME$/Documents/sources_jee/wildfly-18.0.1.Final/docs/schema/jboss-as-cli_1_2.xsd" />
    <resource url="urn:jboss:cli:1.3" location="$USER_HOME$/Documents/sources_jee/wildfly-18.0.1.Final/docs/schema/jboss-as-cli_1_3.xsd" />
    <resource url="urn:jboss:cli:2.0" location="$USER_HOME$/Documents/sources_jee/wildfly-18.0.1.Final/docs/schema/jboss-as-cli_2_0.xsd" />
    <resource url="urn:jboss:cli:3.0" location="$USER_HOME$/Documents/sources_jee/wildfly-18.0.1.Final/docs/schema/wildfly-cli_3_0.xsd" />
    <resource url="urn:jboss:cli:3.1" location="$USER_HOME$/Documents/sources_jee/wildfly-18.0.1.Final/docs/schema/wildfly-cli_3_1.xsd" />
    <resource url="urn:jboss:cli:3.2" location="$USER_HOME$/Documents/sources_jee/wildfly-18.0.1.Final/docs/schema/wildfly-cli_3_2.xsd" />
    <resource url="urn:jboss:cli:3.3" location="$USER_HOME$/Documents/sources_jee/wildfly-18.0.1.Final/docs/schema/wildfly-cli_3_3.xsd" />
    <resource url="urn:jboss:cli:3.4" location="$USER_HOME$/Documents/sources_jee/wildfly-18.0.1.Final/docs/schema/wildfly-cli_3_4.xsd" />
    <resource url="urn:jboss:deployment-dependencies:1.0" location="$USER_HOME$/Documents/sources_jee/wildfly-18.0.1.Final/docs/schema/jboss-deployment-dependencies-1_0.xsd" />
    <resource url="urn:jboss:distributable-web:1.0" location="$USER_HOME$/Documents/sources_jee/wildfly-18.0.1.Final/docs/schema/distributable-web_1_0.xsd" />
    <resource url="urn:jboss:distributable-web:2.0" location="$USER_HOME$/Documents/sources_jee/wildfly-18.0.1.Final/docs/schema/distributable-web_2_0.xsd" />
    <resource url="urn:jboss:domain:1.0" location="$USER_HOME$/Documents/sources_jee/wildfly-18.0.1.Final/docs/schema/jboss-as-config_1_0.xsd" />
    <resource url="urn:jboss:domain:1.1" location="$USER_HOME$/Documents/sources_jee/wildfly-18.0.1.Final/docs/schema/jboss-as-config_1_1.xsd" />
    <resource url="urn:jboss:domain:1.2" location="$USER_HOME$/Documents/sources_jee/wildfly-18.0.1.Final/docs/schema/jboss-as-config_1_2.xsd" />
    <resource url="urn:jboss:domain:1.3" location="$USER_HOME$/Documents/sources_jee/wildfly-18.0.1.Final/docs/schema/jboss-as-config_1_3.xsd" />
    <resource url="urn:jboss:domain:1.4" location="$USER_HOME$/Documents/sources_jee/wildfly-18.0.1.Final/docs/schema/jboss-as-config_1_4.xsd" />
    <resource url="urn:jboss:domain:1.5" location="$USER_HOME$/Documents/sources_jee/wildfly-18.0.1.Final/docs/schema/jboss-as-config_1_5.xsd" />
    <resource url="urn:jboss:domain:1.6" location="$USER_HOME$/Documents/sources_jee/wildfly-18.0.1.Final/docs/schema/jboss-as-config_1_6.xsd" />
    <resource url="urn:jboss:domain:1.7" location="$USER_HOME$/Documents/sources_jee/wildfly-18.0.1.Final/docs/schema/jboss-as-config_1_7.xsd" />
    <resource url="urn:jboss:domain:1.8" location="$USER_HOME$/Documents/sources_jee/wildfly-18.0.1.Final/docs/schema/jboss-as-config_1_8.xsd" />
    <resource url="urn:jboss:domain:10.0" location="$USER_HOME$/Documents/sources_jee/wildfly-18.0.1.Final/docs/schema/wildfly-config_10_0.xsd" />
    <resource url="urn:jboss:domain:2.0" location="$USER_HOME$/Documents/sources_jee/wildfly-18.0.1.Final/docs/schema/jboss-as-config_2_0.xsd" />
    <resource url="urn:jboss:domain:2.1" location="$USER_HOME$/Documents/sources_jee/wildfly-18.0.1.Final/docs/schema/jboss-as-config_2_1.xsd" />
    <resource url="urn:jboss:domain:2.2" location="$USER_HOME$/Documents/sources_jee/wildfly-18.0.1.Final/docs/schema/jboss-as-config_2_2.xsd" />
    <resource url="urn:jboss:domain:3.0" location="$USER_HOME$/Documents/sources_jee/wildfly-18.0.1.Final/docs/schema/wildfly-config_3_0.xsd" />
    <resource url="urn:jboss:domain:4.0" location="$USER_HOME$/Documents/sources_jee/wildfly-18.0.1.Final/docs/schema/wildfly-config_4_0.xsd" />
    <resource url="urn:jboss:domain:4.1" location="$USER_HOME$/Documents/sources_jee/wildfly-18.0.1.Final/docs/schema/wildfly-config_4_1.xsd" />
    <resource url="urn:jboss:domain:4.2" location="$USER_HOME$/Documents/sources_jee/wildfly-18.0.1.Final/docs/schema/wildfly-config_4_2.xsd" />
    <resource url="urn:jboss:domain:5.0" location="$USER_HOME$/Documents/sources_jee/wildfly-18.0.1.Final/docs/schema/wildfly-config_5_0.xsd" />
    <resource url="urn:jboss:domain:6.0" location="$USER_HOME$/Documents/sources_jee/wildfly-18.0.1.Final/docs/schema/wildfly-config_6_0.xsd" />
    <resource url="urn:jboss:domain:7.0" location="$USER_HOME$/Documents/sources_jee/wildfly-18.0.1.Final/docs/schema/wildfly-config_7_0.xsd" />
    <resource url="urn:jboss:domain:8.0" location="$USER_HOME$/Documents/sources_jee/wildfly-18.0.1.Final/docs/schema/wildfly-config_8_0.xsd" />
    <resource url="urn:jboss:domain:9.0" location="$USER_HOME$/Documents/sources_jee/wildfly-18.0.1.Final/docs/schema/wildfly-config_9_0.xsd" />
    <resource url="urn:jboss:domain:batch-jberet:1.0" location="$USER_HOME$/Documents/sources_jee/wildfly-18.0.1.Final/docs/schema/wildfly-batch-jberet_1_0.xsd" />
    <resource url="urn:jboss:domain:batch-jberet:2.0" location="$USER_HOME$/Documents/sources_jee/wildfly-18.0.1.Final/docs/schema/wildfly-batch-jberet_2_0.xsd" />
    <resource url="urn:jboss:domain:bean-validation:1.0" location="$USER_HOME$/Documents/sources_jee/wildfly-18.0.1.Final/docs/schema/wildfly-bean-validation_1_0.xsd" />
    <resource url="urn:jboss:domain:cmp:1.0" location="$USER_HOME$/Documents/sources_jee/wildfly-18.0.1.Final/docs/schema/jboss-as-cmp_1_0.xsd" />
    <resource url="urn:jboss:domain:cmp:1.1" location="$USER_HOME$/Documents/sources_jee/wildfly-18.0.1.Final/docs/schema/jboss-as-cmp_1_1.xsd" />
    <resource url="urn:jboss:domain:core-management:1.0" location="$USER_HOME$/Documents/sources_jee/wildfly-18.0.1.Final/docs/schema/wildfly-core-management_1_0.xsd" />
    <resource url="urn:jboss:domain:datasources-agroal:1.0" location="$USER_HOME$/Documents/sources_jee/wildfly-18.0.1.Final/docs/schema/wildfly-agroal_1_0.xsd" />
    <resource url="urn:jboss:domain:datasources:1.1" location="$USER_HOME$/Documents/sources_jee/wildfly-18.0.1.Final/docs/schema/jboss-as-datasources_1_1.xsd" />
    <resource url="urn:jboss:domain:datasources:1.2" location="$USER_HOME$/Documents/sources_jee/wildfly-18.0.1.Final/docs/schema/jboss-as-datasources_1_2.xsd" />
    <resource url="urn:jboss:domain:datasources:2.0" location="$USER_HOME$/Documents/sources_jee/wildfly-18.0.1.Final/docs/schema/wildfly-datasources_2_0.xsd" />
    <resource url="urn:jboss:domain:datasources:3.0" location="$USER_HOME$/Documents/sources_jee/wildfly-18.0.1.Final/docs/schema/wildfly-datasources_3_0.xsd" />
    <resource url="urn:jboss:domain:datasources:4.0" location="$USER_HOME$/Documents/sources_jee/wildfly-18.0.1.Final/docs/schema/wildfly-datasources_4_0.xsd" />
    <resource url="urn:jboss:domain:datasources:5.0" location="$USER_HOME$/Documents/sources_jee/wildfly-18.0.1.Final/docs/schema/wildfly-datasources_5_0.xsd" />
    <resource url="urn:jboss:domain:deployment-scanner:1.0" location="$USER_HOME$/Documents/sources_jee/wildfly-18.0.1.Final/docs/schema/jboss-as-deployment-scanner_1_0.xsd" />
    <resource url="urn:jboss:domain:deployment-scanner:1.1" location="$USER_HOME$/Documents/sources_jee/wildfly-18.0.1.Final/docs/schema/jboss-as-deployment-scanner_1_1.xsd" />
    <resource url="urn:jboss:domain:deployment-scanner:2.0" location="$USER_HOME$/Documents/sources_jee/wildfly-18.0.1.Final/docs/schema/jboss-as-deployment-scanner_2_0.xsd" />
    <resource url="urn:jboss:domain:discovery:1.0" location="$USER_HOME$/Documents/sources_jee/wildfly-18.0.1.Final/docs/schema/wildfly-discovery_1_0.xsd" />
    <resource url="urn:jboss:domain:distributable-web:1.0" location="$USER_HOME$/Documents/sources_jee/wildfly-18.0.1.Final/docs/schema/wildfly-distributable-web_1_0.xsd" />
    <resource url="urn:jboss:domain:distributable-web:2.0" location="$USER_HOME$/Documents/sources_jee/wildfly-18.0.1.Final/docs/schema/wildfly-distributable-web_2_0.xsd" />
    <resource url="urn:jboss:domain:ee-security:1.0" location="$USER_HOME$/Documents/sources_jee/wildfly-18.0.1.Final/docs/schema/wildfly-ee-security_1_0.xsd" />
    <resource url="urn:jboss:domain:ee:1.0" location="$USER_HOME$/Documents/sources_jee/wildfly-18.0.1.Final/docs/schema/jboss-as-ee_1_0.xsd" />
    <resource url="urn:jboss:domain:ee:1.1" location="$USER_HOME$/Documents/sources_jee/wildfly-18.0.1.Final/docs/schema/jboss-as-ee_1_1.xsd" />
    <resource url="urn:jboss:domain:ee:1.2" location="$USER_HOME$/Documents/sources_jee/wildfly-18.0.1.Final/docs/schema/jboss-as-ee_1_2.xsd" />
    <resource url="urn:jboss:domain:ee:2.0" location="$USER_HOME$/Documents/sources_jee/wildfly-18.0.1.Final/docs/schema/jboss-as-ee_2_0.xsd" />
    <resource url="urn:jboss:domain:ee:3.0" location="$USER_HOME$/Documents/sources_jee/wildfly-18.0.1.Final/docs/schema/jboss-as-ee_3_0.xsd" />
    <resource url="urn:jboss:domain:ee:4.0" location="$USER_HOME$/Documents/sources_jee/wildfly-18.0.1.Final/docs/schema/jboss-as-ee_4_0.xsd" />
    <resource url="urn:jboss:domain:ejb3:1.0" location="$USER_HOME$/Documents/sources_jee/wildfly-18.0.1.Final/docs/schema/jboss-as-ejb3_1_0.xsd" />
    <resource url="urn:jboss:domain:ejb3:1.1" location="$USER_HOME$/Documents/sources_jee/wildfly-18.0.1.Final/docs/schema/jboss-as-ejb3_1_1.xsd" />
    <resource url="urn:jboss:domain:ejb3:1.2" location="$USER_HOME$/Documents/sources_jee/wildfly-18.0.1.Final/docs/schema/jboss-as-ejb3_1_2.xsd" />
    <resource url="urn:jboss:domain:ejb3:1.3" location="$USER_HOME$/Documents/sources_jee/wildfly-18.0.1.Final/docs/schema/jboss-as-ejb3_1_3.xsd" />
    <resource url="urn:jboss:domain:ejb3:1.4" location="$USER_HOME$/Documents/sources_jee/wildfly-18.0.1.Final/docs/schema/jboss-as-ejb3_1_4.xsd" />
    <resource url="urn:jboss:domain:ejb3:1.5" location="$USER_HOME$/Documents/sources_jee/wildfly-18.0.1.Final/docs/schema/jboss-as-ejb3_1_5.xsd" />
    <resource url="urn:jboss:domain:ejb3:2.0" location="$USER_HOME$/Documents/sources_jee/wildfly-18.0.1.Final/docs/schema/jboss-as-ejb3_2_0.xsd" />
    <resource url="urn:jboss:domain:ejb3:3.0" location="$USER_HOME$/Documents/sources_jee/wildfly-18.0.1.Final/docs/schema/wildfly-ejb3_3_0.xsd" />
    <resource url="urn:jboss:domain:ejb3:4.0" location="$USER_HOME$/Documents/sources_jee/wildfly-18.0.1.Final/docs/schema/wildfly-ejb3_4_0.xsd" />
    <resource url="urn:jboss:domain:ejb3:5.0" location="$USER_HOME$/Documents/sources_jee/wildfly-18.0.1.Final/docs/schema/wildfly-ejb3_5_0.xsd" />
    <resource url="urn:jboss:domain:ejb3:6.0" location="$USER_HOME$/Documents/sources_jee/wildfly-18.0.1.Final/docs/schema/wildfly-ejb3_6_0.xsd" />
    <resource url="urn:jboss:domain:iiop-openjdk:1.0" location="$USER_HOME$/Documents/sources_jee/wildfly-18.0.1.Final/docs/schema/jboss-as-iiop-openjdk_1_0.xsd" />
    <resource url="urn:jboss:domain:iiop-openjdk:2.0" location="$USER_HOME$/Documents/sources_jee/wildfly-18.0.1.Final/docs/schema/wildfly-iiop-openjdk_2_0.xsd" />
    <resource url="urn:jboss:domain:iiop-openjdk:2.1" location="$USER_HOME$/Documents/sources_jee/wildfly-18.0.1.Final/docs/schema/wildfly-iiop-openjdk_2_1.xsd" />
    <resource url="urn:jboss:domain:infinispan:1.0" location="$USER_HOME$/Documents/sources_jee/wildfly-18.0.1.Final/docs/schema/jboss-as-infinispan_1_0.xsd" />
    <resource url="urn:jboss:domain:infinispan:1.1" location="$USER_HOME$/Documents/sources_jee/wildfly-18.0.1.Final/docs/schema/jboss-as-infinispan_1_1.xsd" />
    <resource url="urn:jboss:domain:infinispan:1.2" location="$USER_HOME$/Documents/sources_jee/wildfly-18.0.1.Final/docs/schema/jboss-as-infinispan_1_2.xsd" />
    <resource url="urn:jboss:domain:infinispan:1.3" location="$USER_HOME$/Documents/sources_jee/wildfly-18.0.1.Final/docs/schema/jboss-as-infinispan_1_3.xsd" />
    <resource url="urn:jboss:domain:infinispan:1.4" location="$USER_HOME$/Documents/sources_jee/wildfly-18.0.1.Final/docs/schema/jboss-as-infinispan_1_4.xsd" />
    <resource url="urn:jboss:domain:infinispan:1.5" location="$USER_HOME$/Documents/sources_jee/wildfly-18.0.1.Final/docs/schema/jboss-as-infinispan_1_5.xsd" />
    <resource url="urn:jboss:domain:infinispan:2.0" location="$USER_HOME$/Documents/sources_jee/wildfly-18.0.1.Final/docs/schema/jboss-as-infinispan_2_0.xsd" />
    <resource url="urn:jboss:domain:infinispan:3.0" location="$USER_HOME$/Documents/sources_jee/wildfly-18.0.1.Final/docs/schema/jboss-as-infinispan_3_0.xsd" />
    <resource url="urn:jboss:domain:infinispan:4.0" location="$USER_HOME$/Documents/sources_jee/wildfly-18.0.1.Final/docs/schema/jboss-as-infinispan_4_0.xsd" />
    <resource url="urn:jboss:domain:infinispan:5.0" location="$USER_HOME$/Documents/sources_jee/wildfly-18.0.1.Final/docs/schema/jboss-as-infinispan_5_0.xsd" />
    <resource url="urn:jboss:domain:infinispan:6.0" location="$USER_HOME$/Documents/sources_jee/wildfly-18.0.1.Final/docs/schema/jboss-as-infinispan_6_0.xsd" />
    <resource url="urn:jboss:domain:infinispan:7.0" location="$USER_HOME$/Documents/sources_jee/wildfly-18.0.1.Final/docs/schema/jboss-as-infinispan_7_0.xsd" />
    <resource url="urn:jboss:domain:infinispan:8.0" location="$USER_HOME$/Documents/sources_jee/wildfly-18.0.1.Final/docs/schema/jboss-as-infinispan_8_0.xsd" />
    <resource url="urn:jboss:domain:infinispan:9.0" location="$USER_HOME$/Documents/sources_jee/wildfly-18.0.1.Final/docs/schema/jboss-as-infinispan_9_0.xsd" />
    <resource url="urn:jboss:domain:io:1.0" location="$USER_HOME$/Documents/sources_jee/wildfly-18.0.1.Final/docs/schema/wildfly-io_1_0.xsd" />
    <resource url="urn:jboss:domain:io:1.1" location="$USER_HOME$/Documents/sources_jee/wildfly-18.0.1.Final/docs/schema/wildfly-io_1_1.xsd" />
    <resource url="urn:jboss:domain:io:2.0" location="$USER_HOME$/Documents/sources_jee/wildfly-18.0.1.Final/docs/schema/wildfly-io_2_0.xsd" />
    <resource url="urn:jboss:domain:io:3.0" location="$USER_HOME$/Documents/sources_jee/wildfly-18.0.1.Final/docs/schema/wildfly-io_3_0.xsd" />
    <resource url="urn:jboss:domain:jacorb:1.0" location="$USER_HOME$/Documents/sources_jee/wildfly-18.0.1.Final/docs/schema/jboss-as-jacorb_1_0.xsd" />
    <resource url="urn:jboss:domain:jacorb:1.1" location="$USER_HOME$/Documents/sources_jee/wildfly-18.0.1.Final/docs/schema/jboss-as-jacorb_1_1.xsd" />
    <resource url="urn:jboss:domain:jacorb:1.2" location="$USER_HOME$/Documents/sources_jee/wildfly-18.0.1.Final/docs/schema/jboss-as-jacorb_1_2.xsd" />
    <resource url="urn:jboss:domain:jacorb:1.3" location="$USER_HOME$/Documents/sources_jee/wildfly-18.0.1.Final/docs/schema/jboss-as-jacorb_1_3.xsd" />
    <resource url="urn:jboss:domain:jacorb:1.4" location="$USER_HOME$/Documents/sources_jee/wildfly-18.0.1.Final/docs/schema/jboss-as-jacorb_1_4.xsd" />
    <resource url="urn:jboss:domain:jacorb:2.0" location="$USER_HOME$/Documents/sources_jee/wildfly-18.0.1.Final/docs/schema/jboss-as-jacorb_2_0.xsd" />
    <resource url="urn:jboss:domain:jaxr:1.0" location="$USER_HOME$/Documents/sources_jee/wildfly-18.0.1.Final/docs/schema/jboss-as-jaxr_1_0.xsd" />
    <resource url="urn:jboss:domain:jaxr:1.1" location="$USER_HOME$/Documents/sources_jee/wildfly-18.0.1.Final/docs/schema/jboss-as-jaxr_1_1.xsd" />
    <resource url="urn:jboss:domain:jaxrs:1.0" location="$USER_HOME$/Documents/sources_jee/wildfly-18.0.1.Final/docs/schema/jboss-as-jaxrs_1_0.xsd" />
    <resource url="urn:jboss:domain:jca:1.1" location="$USER_HOME$/Documents/sources_jee/wildfly-18.0.1.Final/docs/schema/jboss-as-jca_1_1.xsd" />
    <resource url="urn:jboss:domain:jca:2.0" location="$USER_HOME$/Documents/sources_jee/wildfly-18.0.1.Final/docs/schema/wildfly-jca_2_0.xsd" />
    <resource url="urn:jboss:domain:jca:3.0" location="$USER_HOME$/Documents/sources_jee/wildfly-18.0.1.Final/docs/schema/wildfly-jca_3_0.xsd" />
    <resource url="urn:jboss:domain:jca:4.0" location="$USER_HOME$/Documents/sources_jee/wildfly-18.0.1.Final/docs/schema/wildfly-jca_4_0.xsd" />
    <resource url="urn:jboss:domain:jca:5.0" location="$USER_HOME$/Documents/sources_jee/wildfly-18.0.1.Final/docs/schema/wildfly-jca_5_0.xsd" />
    <resource url="urn:jboss:domain:jdr:1.0" location="$USER_HOME$/Documents/sources_jee/wildfly-18.0.1.Final/docs/schema/jboss-as-jdr_1_0.xsd" />
    <resource url="urn:jboss:domain:jgroups:1.0" location="$USER_HOME$/Documents/sources_jee/wildfly-18.0.1.Final/docs/schema/jboss-as-jgroups_1_0.xsd" />
    <resource url="urn:jboss:domain:jgroups:1.1" location="$USER_HOME$/Documents/sources_jee/wildfly-18.0.1.Final/docs/schema/jboss-as-jgroups_1_1.xsd" />
    <resource url="urn:jboss:domain:jgroups:2.0" location="$USER_HOME$/Documents/sources_jee/wildfly-18.0.1.Final/docs/schema/jboss-as-jgroups_2_0.xsd" />
    <resource url="urn:jboss:domain:jgroups:3.0" location="$USER_HOME$/Documents/sources_jee/wildfly-18.0.1.Final/docs/schema/jboss-as-jgroups_3_0.xsd" />
    <resource url="urn:jboss:domain:jgroups:4.0" location="$USER_HOME$/Documents/sources_jee/wildfly-18.0.1.Final/docs/schema/jboss-as-jgroups_4_0.xsd" />
    <resource url="urn:jboss:domain:jgroups:5.0" location="$USER_HOME$/Documents/sources_jee/wildfly-18.0.1.Final/docs/schema/jboss-as-jgroups_5_0.xsd" />
    <resource url="urn:jboss:domain:jgroups:6.0" location="$USER_HOME$/Documents/sources_jee/wildfly-18.0.1.Final/docs/schema/jboss-as-jgroups_6_0.xsd" />
    <resource url="urn:jboss:domain:jgroups:7.0" location="$USER_HOME$/Documents/sources_jee/wildfly-18.0.1.Final/docs/schema/jboss-as-jgroups_7_0.xsd" />
    <resource url="urn:jboss:domain:jmx:1.0" location="$USER_HOME$/Documents/sources_jee/wildfly-18.0.1.Final/docs/schema/jboss-as-jmx_1_0.xsd" />
    <resource url="urn:jboss:domain:jmx:1.1" location="$USER_HOME$/Documents/sources_jee/wildfly-18.0.1.Final/docs/schema/jboss-as-jmx_1_1.xsd" />
    <resource url="urn:jboss:domain:jmx:1.2" location="$USER_HOME$/Documents/sources_jee/wildfly-18.0.1.Final/docs/schema/jboss-as-jmx_1_2.xsd" />
    <resource url="urn:jboss:domain:jmx:1.3" location="$USER_HOME$/Documents/sources_jee/wildfly-18.0.1.Final/docs/schema/jboss-as-jmx_1_3.xsd" />
    <resource url="urn:jboss:domain:jpa:1.0" location="$USER_HOME$/Documents/sources_jee/wildfly-18.0.1.Final/docs/schema/jboss-as-jpa_1_0.xsd" />
    <resource url="urn:jboss:domain:jpa:1.1" location="$USER_HOME$/Documents/sources_jee/wildfly-18.0.1.Final/docs/schema/jboss-as-jpa_1_1.xsd" />
    <resource url="urn:jboss:domain:jsf:1.0" location="$USER_HOME$/Documents/sources_jee/wildfly-18.0.1.Final/docs/schema/jboss-as-jsf_1_0.xsd" />
    <resource url="urn:jboss:domain:jsf:1.1" location="$USER_HOME$/Documents/sources_jee/wildfly-18.0.1.Final/docs/schema/jboss-as-jsf_1_1.xsd" />
    <resource url="urn:jboss:domain:jsr77:1.0" location="$USER_HOME$/Documents/sources_jee/wildfly-18.0.1.Final/docs/schema/jboss-as-jsr77_1_0.xsd" />
    <resource url="urn:jboss:domain:logging:1.0" location="$USER_HOME$/Documents/sources_jee/wildfly-18.0.1.Final/docs/schema/jboss-as-logging_1_0.xsd" />
    <resource url="urn:jboss:domain:logging:1.1" location="$USER_HOME$/Documents/sources_jee/wildfly-18.0.1.Final/docs/schema/jboss-as-logging_1_1.xsd" />
    <resource url="urn:jboss:domain:logging:1.2" location="$USER_HOME$/Documents/sources_jee/wildfly-18.0.1.Final/docs/schema/jboss-as-logging_1_2.xsd" />
    <resource url="urn:jboss:domain:logging:1.3" location="$USER_HOME$/Documents/sources_jee/wildfly-18.0.1.Final/docs/schema/jboss-as-logging_1_3.xsd" />
    <resource url="urn:jboss:domain:logging:1.4" location="$USER_HOME$/Documents/sources_jee/wildfly-18.0.1.Final/docs/schema/jboss-as-logging_1_4.xsd" />
    <resource url="urn:jboss:domain:logging:1.5" location="$USER_HOME$/Documents/sources_jee/wildfly-18.0.1.Final/docs/schema/jboss-as-logging_1_5.xsd" />
    <resource url="urn:jboss:domain:logging:2.0" location="$USER_HOME$/Documents/sources_jee/wildfly-18.0.1.Final/docs/schema/jboss-as-logging_2_0.xsd" />
    <resource url="urn:jboss:domain:logging:3.0" location="$USER_HOME$/Documents/sources_jee/wildfly-18.0.1.Final/docs/schema/jboss-as-logging_3_0.xsd" />
    <resource url="urn:jboss:domain:logging:4.0" location="$USER_HOME$/Documents/sources_jee/wildfly-18.0.1.Final/docs/schema/jboss-as-logging_4_0.xsd" />
    <resource url="urn:jboss:domain:logging:5.0" location="$USER_HOME$/Documents/sources_jee/wildfly-18.0.1.Final/docs/schema/jboss-as-logging_5_0.xsd" />
    <resource url="urn:jboss:domain:logging:6.0" location="$USER_HOME$/Documents/sources_jee/wildfly-18.0.1.Final/docs/schema/jboss-as-logging_6_0.xsd" />
    <resource url="urn:jboss:domain:logging:7.0" location="$USER_HOME$/Documents/sources_jee/wildfly-18.0.1.Final/docs/schema/jboss-as-logging_7_0.xsd" />
    <resource url="urn:jboss:domain:logging:8.0" location="$USER_HOME$/Documents/sources_jee/wildfly-18.0.1.Final/docs/schema/jboss-as-logging_8_0.xsd" />
    <resource url="urn:jboss:domain:mail:1.0" location="$USER_HOME$/Documents/sources_jee/wildfly-18.0.1.Final/docs/schema/jboss-as-mail_1_0.xsd" />
    <resource url="urn:jboss:domain:mail:1.1" location="$USER_HOME$/Documents/sources_jee/wildfly-18.0.1.Final/docs/schema/jboss-as-mail_1_1.xsd" />
    <resource url="urn:jboss:domain:mail:1.2" location="$USER_HOME$/Documents/sources_jee/wildfly-18.0.1.Final/docs/schema/jboss-as-mail_1_2.xsd" />
    <resource url="urn:jboss:domain:mail:2.0" location="$USER_HOME$/Documents/sources_jee/wildfly-18.0.1.Final/docs/schema/wildfly-mail_2_0.xsd" />
    <resource url="urn:jboss:domain:mail:3.0" location="$USER_HOME$/Documents/sources_jee/wildfly-18.0.1.Final/docs/schema/wildfly-mail_3_0.xsd" />
    <resource url="urn:jboss:domain:messaging-activemq:1.0" location="$USER_HOME$/Documents/sources_jee/wildfly-18.0.1.Final/docs/schema/wildfly-messaging-activemq_1_0.xsd" />
    <resource url="urn:jboss:domain:messaging-activemq:2.0" location="$USER_HOME$/Documents/sources_jee/wildfly-18.0.1.Final/docs/schema/wildfly-messaging-activemq_2_0.xsd" />
    <resource url="urn:jboss:domain:messaging-activemq:3.0" location="$USER_HOME$/Documents/sources_jee/wildfly-18.0.1.Final/docs/schema/wildfly-messaging-activemq_3_0.xsd" />
    <resource url="urn:jboss:domain:messaging-activemq:4.0" location="$USER_HOME$/Documents/sources_jee/wildfly-18.0.1.Final/docs/schema/wildfly-messaging-activemq_4_0.xsd" />
    <resource url="urn:jboss:domain:messaging-activemq:5.0" location="$USER_HOME$/Documents/sources_jee/wildfly-18.0.1.Final/docs/schema/wildfly-messaging-activemq_5_0.xsd" />
    <resource url="urn:jboss:domain:messaging-activemq:6.0" location="$USER_HOME$/Documents/sources_jee/wildfly-18.0.1.Final/docs/schema/wildfly-messaging-activemq_6_0.xsd" />
    <resource url="urn:jboss:domain:messaging-activemq:7.0" location="$USER_HOME$/Documents/sources_jee/wildfly-18.0.1.Final/docs/schema/wildfly-messaging-activemq_7_0.xsd" />
    <resource url="urn:jboss:domain:messaging-activemq:8.0" location="$USER_HOME$/Documents/sources_jee/wildfly-18.0.1.Final/docs/schema/wildfly-messaging-activemq_8_0.xsd" />
    <resource url="urn:jboss:domain:messaging:1.0" location="$USER_HOME$/Documents/sources_jee/wildfly-18.0.1.Final/docs/schema/jboss-as-messaging_1_0.xsd" />
    <resource url="urn:jboss:domain:messaging:1.1" location="$USER_HOME$/Documents/sources_jee/wildfly-18.0.1.Final/docs/schema/jboss-as-messaging_1_1.xsd" />
    <resource url="urn:jboss:domain:messaging:1.2" location="$USER_HOME$/Documents/sources_jee/wildfly-18.0.1.Final/docs/schema/jboss-as-messaging_1_2.xsd" />
    <resource url="urn:jboss:domain:messaging:1.3" location="$USER_HOME$/Documents/sources_jee/wildfly-18.0.1.Final/docs/schema/jboss-as-messaging_1_3.xsd" />
    <resource url="urn:jboss:domain:messaging:1.4" location="$USER_HOME$/Documents/sources_jee/wildfly-18.0.1.Final/docs/schema/jboss-as-messaging_1_4.xsd" />
    <resource url="urn:jboss:domain:messaging:1.5" location="$USER_HOME$/Documents/sources_jee/wildfly-18.0.1.Final/docs/schema/jboss-as-messaging_1_5.xsd" />
    <resource url="urn:jboss:domain:messaging:2.0" location="$USER_HOME$/Documents/sources_jee/wildfly-18.0.1.Final/docs/schema/jboss-as-messaging_2_0.xsd" />
    <resource url="urn:jboss:domain:messaging:3.0" location="$USER_HOME$/Documents/sources_jee/wildfly-18.0.1.Final/docs/schema/jboss-as-messaging_3_0.xsd" />
    <resource url="urn:jboss:domain:modcluster:1.0" location="$USER_HOME$/Documents/sources_jee/wildfly-18.0.1.Final/docs/schema/jboss-as-mod-cluster_1_0.xsd" />
    <resource url="urn:jboss:domain:modcluster:1.1" location="$USER_HOME$/Documents/sources_jee/wildfly-18.0.1.Final/docs/schema/jboss-as-mod-cluster_1_1.xsd" />
    <resource url="urn:jboss:domain:modcluster:1.2" location="$USER_HOME$/Documents/sources_jee/wildfly-18.0.1.Final/docs/schema/jboss-as-mod-cluster_1_2.xsd" />
    <resource url="urn:jboss:domain:modcluster:2.0" location="$USER_HOME$/Documents/sources_jee/wildfly-18.0.1.Final/docs/schema/jboss-as-mod-cluster_2_0.xsd" />
    <resource url="urn:jboss:domain:modcluster:3.0" location="$USER_HOME$/Documents/sources_jee/wildfly-18.0.1.Final/docs/schema/jboss-as-mod-cluster_3_0.xsd" />
    <resource url="urn:jboss:domain:modcluster:4.0" location="$USER_HOME$/Documents/sources_jee/wildfly-18.0.1.Final/docs/schema/jboss-as-mod-cluster_4_0.xsd" />
    <resource url="urn:jboss:domain:modcluster:5.0" location="$USER_HOME$/Documents/sources_jee/wildfly-18.0.1.Final/docs/schema/jboss-as-mod-cluster_5_0.xsd" />
    <resource url="urn:jboss:domain:naming:1.0" location="$USER_HOME$/Documents/sources_jee/wildfly-18.0.1.Final/docs/schema/jboss-as-naming_1_0.xsd" />
    <resource url="urn:jboss:domain:naming:1.1" location="$USER_HOME$/Documents/sources_jee/wildfly-18.0.1.Final/docs/schema/jboss-as-naming_1_1.xsd" />
    <resource url="urn:jboss:domain:naming:1.2" location="$USER_HOME$/Documents/sources_jee/wildfly-18.0.1.Final/docs/schema/jboss-as-naming_1_2.xsd" />
    <resource url="urn:jboss:domain:naming:1.3" location="$USER_HOME$/Documents/sources_jee/wildfly-18.0.1.Final/docs/schema/jboss-as-naming_1_3.xsd" />
    <resource url="urn:jboss:domain:naming:1.4" location="$USER_HOME$/Documents/sources_jee/wildfly-18.0.1.Final/docs/schema/jboss-as-naming_1_4.xsd" />
    <resource url="urn:jboss:domain:naming:2.0" location="$USER_HOME$/Documents/sources_jee/wildfly-18.0.1.Final/docs/schema/jboss-as-naming_2_0.xsd" />
    <resource url="urn:jboss:domain:picketlink-federation:1.0" location="$USER_HOME$/Documents/sources_jee/wildfly-18.0.1.Final/docs/schema/wildfly-picketlink-federation_1_0.xsd" />
    <resource url="urn:jboss:domain:picketlink-federation:1.1" location="$USER_HOME$/Documents/sources_jee/wildfly-18.0.1.Final/docs/schema/wildfly-picketlink-federation_1_1.xsd" />
    <resource url="urn:jboss:domain:picketlink-federation:2.0" location="$USER_HOME$/Documents/sources_jee/wildfly-18.0.1.Final/docs/schema/wildfly-picketlink-federation_2_0.xsd" />
    <resource url="urn:jboss:domain:picketlink-identity-management:1.0" location="$USER_HOME$/Documents/sources_jee/wildfly-18.0.1.Final/docs/schema/wildfly-picketlink-idm_1_0.xsd" />
    <resource url="urn:jboss:domain:picketlink-identity-management:1.1" location="$USER_HOME$/Documents/sources_jee/wildfly-18.0.1.Final/docs/schema/wildfly-picketlink-idm_1_1.xsd" />
    <resource url="urn:jboss:domain:picketlink-identity-management:2.0" location="$USER_HOME$/Documents/sources_jee/wildfly-18.0.1.Final/docs/schema/wildfly-picketlink-idm_2_0.xsd" />
    <resource url="urn:jboss:domain:pojo:1.0" location="$USER_HOME$/Documents/sources_jee/wildfly-18.0.1.Final/docs/schema/jboss-as-pojo_1_0.xsd" />
    <resource url="urn:jboss:domain:remoting:1.0" location="$USER_HOME$/Documents/sources_jee/wildfly-18.0.1.Final/docs/schema/jboss-as-remoting_1_0.xsd" />
    <resource url="urn:jboss:domain:remoting:1.1" location="$USER_HOME$/Documents/sources_jee/wildfly-18.0.1.Final/docs/schema/jboss-as-remoting_1_1.xsd" />
    <resource url="urn:jboss:domain:remoting:1.2" location="$USER_HOME$/Documents/sources_jee/wildfly-18.0.1.Final/docs/schema/jboss-as-remoting_1_2.xsd" />
    <resource url="urn:jboss:domain:remoting:2.0" location="$USER_HOME$/Documents/sources_jee/wildfly-18.0.1.Final/docs/schema/wildfly-remoting_2_0.xsd" />
    <resource url="urn:jboss:domain:remoting:3.0" location="$USER_HOME$/Documents/sources_jee/wildfly-18.0.1.Final/docs/schema/wildfly-remoting_3_0.xsd" />
    <resource url="urn:jboss:domain:remoting:4.0" location="$USER_HOME$/Documents/sources_jee/wildfly-18.0.1.Final/docs/schema/wildfly-remoting_4_0.xsd" />
    <resource url="urn:jboss:domain:request-controller:1.0" location="$USER_HOME$/Documents/sources_jee/wildfly-18.0.1.Final/docs/schema/wildfly-request-controller_1_0.xsd" />
    <resource url="urn:jboss:domain:resource-adapters:1.0" location="$USER_HOME$/Documents/sources_jee/wildfly-18.0.1.Final/docs/schema/jboss-as-resource-adapters_1_0.xsd" />
    <resource url="urn:jboss:domain:resource-adapters:1.1" location="$USER_HOME$/Documents/sources_jee/wildfly-18.0.1.Final/docs/schema/jboss-as-resource-adapters_1_1.xsd" />
    <resource url="urn:jboss:domain:resource-adapters:2.0" location="$USER_HOME$/Documents/sources_jee/wildfly-18.0.1.Final/docs/schema/wildfly-resource-adapters_2_0.xsd" />
    <resource url="urn:jboss:domain:resource-adapters:3.0" location="$USER_HOME$/Documents/sources_jee/wildfly-18.0.1.Final/docs/schema/wildfly-resource-adapters_3_0.xsd" />
    <resource url="urn:jboss:domain:resource-adapters:4.0" location="$USER_HOME$/Documents/sources_jee/wildfly-18.0.1.Final/docs/schema/wildfly-resource-adapters_4_0.xsd" />
    <resource url="urn:jboss:domain:resource-adapters:5.0" location="$USER_HOME$/Documents/sources_jee/wildfly-18.0.1.Final/docs/schema/wildfly-resource-adapters_5_0.xsd" />
    <resource url="urn:jboss:domain:rts:1.0" location="$USER_HOME$/Documents/sources_jee/wildfly-18.0.1.Final/docs/schema/wildfly-rts_1_0.xsd" />
    <resource url="urn:jboss:domain:sar:1.0" location="$USER_HOME$/Documents/sources_jee/wildfly-18.0.1.Final/docs/schema/jboss-as-sar_1_0.xsd" />
    <resource url="urn:jboss:domain:security-manager:1.0" location="$USER_HOME$/Documents/sources_jee/wildfly-18.0.1.Final/docs/schema/wildfly-security-manager_1_0.xsd" />
    <resource url="urn:jboss:domain:security:1.0" location="$USER_HOME$/Documents/sources_jee/wildfly-18.0.1.Final/docs/schema/jboss-as-security_1_0.xsd" />
    <resource url="urn:jboss:domain:security:1.1" location="$USER_HOME$/Documents/sources_jee/wildfly-18.0.1.Final/docs/schema/jboss-as-security_1_1.xsd" />
    <resource url="urn:jboss:domain:security:1.2" location="$USER_HOME$/Documents/sources_jee/wildfly-18.0.1.Final/docs/schema/jboss-as-security_1_2.xsd" />
    <resource url="urn:jboss:domain:security:2.0" location="$USER_HOME$/Documents/sources_jee/wildfly-18.0.1.Final/docs/schema/wildfly-security_2_0.xsd" />
    <resource url="urn:jboss:domain:singleton:1.0" location="$USER_HOME$/Documents/sources_jee/wildfly-18.0.1.Final/docs/schema/wildfly-singleton_1_0.xsd" />
    <resource url="urn:jboss:domain:threads:1.0" location="$USER_HOME$/Documents/sources_jee/wildfly-18.0.1.Final/docs/schema/jboss-as-threads_1_0.xsd" />
    <resource url="urn:jboss:domain:threads:1.1" location="$USER_HOME$/Documents/sources_jee/wildfly-18.0.1.Final/docs/schema/jboss-as-threads_1_1.xsd" />
    <resource url="urn:jboss:domain:threads:2.0" location="$USER_HOME$/Documents/sources_jee/wildfly-18.0.1.Final/docs/schema/wildfly-threads_2_0.xsd" />
    <resource url="urn:jboss:domain:transactions:1.0" location="$USER_HOME$/Documents/sources_jee/wildfly-18.0.1.Final/docs/schema/jboss-as-txn_1_0.xsd" />
    <resource url="urn:jboss:domain:transactions:1.1" location="$USER_HOME$/Documents/sources_jee/wildfly-18.0.1.Final/docs/schema/jboss-as-txn_1_1.xsd" />
    <resource url="urn:jboss:domain:transactions:1.2" location="$USER_HOME$/Documents/sources_jee/wildfly-18.0.1.Final/docs/schema/jboss-as-txn_1_2.xsd" />
    <resource url="urn:jboss:domain:transactions:1.3" location="$USER_HOME$/Documents/sources_jee/wildfly-18.0.1.Final/docs/schema/jboss-as-txn_1_3.xsd" />
    <resource url="urn:jboss:domain:transactions:1.4" location="$USER_HOME$/Documents/sources_jee/wildfly-18.0.1.Final/docs/schema/jboss-as-txn_1_4.xsd" />
    <resource url="urn:jboss:domain:transactions:1.5" location="$USER_HOME$/Documents/sources_jee/wildfly-18.0.1.Final/docs/schema/jboss-as-txn_1_5.xsd" />
    <resource url="urn:jboss:domain:transactions:2.0" location="$USER_HOME$/Documents/sources_jee/wildfly-18.0.1.Final/docs/schema/jboss-as-txn_2_0.xsd" />
    <resource url="urn:jboss:domain:transactions:3.0" location="$USER_HOME$/Documents/sources_jee/wildfly-18.0.1.Final/docs/schema/wildfly-txn_3_0.xsd" />
    <resource url="urn:jboss:domain:transactions:4.0" location="$USER_HOME$/Documents/sources_jee/wildfly-18.0.1.Final/docs/schema/wildfly-txn_4_0.xsd" />
    <resource url="urn:jboss:domain:transactions:5.0" location="$USER_HOME$/Documents/sources_jee/wildfly-18.0.1.Final/docs/schema/wildfly-txn_5_0.xsd" />
    <resource url="urn:jboss:domain:undertow:1.0" location="$USER_HOME$/Documents/sources_jee/wildfly-18.0.1.Final/docs/schema/wildfly-undertow_1_0.xsd" />
    <resource url="urn:jboss:domain:undertow:1.1" location="$USER_HOME$/Documents/sources_jee/wildfly-18.0.1.Final/docs/schema/wildfly-undertow_1_1.xsd" />
    <resource url="urn:jboss:domain:undertow:1.2" location="$USER_HOME$/Documents/sources_jee/wildfly-18.0.1.Final/docs/schema/wildfly-undertow_1_2.xsd" />
    <resource url="urn:jboss:domain:undertow:10.0" location="$USER_HOME$/Documents/sources_jee/wildfly-18.0.1.Final/docs/schema/wildfly-undertow_10_0.xsd" />
    <resource url="urn:jboss:domain:undertow:2.0" location="$USER_HOME$/Documents/sources_jee/wildfly-18.0.1.Final/docs/schema/wildfly-undertow_2_0.xsd" />
    <resource url="urn:jboss:domain:undertow:3.0" location="$USER_HOME$/Documents/sources_jee/wildfly-18.0.1.Final/docs/schema/wildfly-undertow_3_0.xsd" />
    <resource url="urn:jboss:domain:undertow:3.1" location="$USER_HOME$/Documents/sources_jee/wildfly-18.0.1.Final/docs/schema/wildfly-undertow_3_1.xsd" />
    <resource url="urn:jboss:domain:undertow:4.0" location="$USER_HOME$/Documents/sources_jee/wildfly-18.0.1.Final/docs/schema/wildfly-undertow_4_0.xsd" />
    <resource url="urn:jboss:domain:undertow:5.0" location="$USER_HOME$/Documents/sources_jee/wildfly-18.0.1.Final/docs/schema/wildfly-undertow_5_0.xsd" />
    <resource url="urn:jboss:domain:undertow:6.0" location="$USER_HOME$/Documents/sources_jee/wildfly-18.0.1.Final/docs/schema/wildfly-undertow_6_0.xsd" />
    <resource url="urn:jboss:domain:undertow:7.0" location="$USER_HOME$/Documents/sources_jee/wildfly-18.0.1.Final/docs/schema/wildfly-undertow_7_0.xsd" />
    <resource url="urn:jboss:domain:undertow:8.0" location="$USER_HOME$/Documents/sources_jee/wildfly-18.0.1.Final/docs/schema/wildfly-undertow_8_0.xsd" />
    <resource url="urn:jboss:domain:undertow:9.0" location="$USER_HOME$/Documents/sources_jee/wildfly-18.0.1.Final/docs/schema/wildfly-undertow_9_0.xsd" />
    <resource url="urn:jboss:domain:web:1.0" location="$USER_HOME$/Documents/sources_jee/wildfly-18.0.1.Final/docs/schema/jboss-as-web_1_0.xsd" />
    <resource url="urn:jboss:domain:web:1.1" location="$USER_HOME$/Documents/sources_jee/wildfly-18.0.1.Final/docs/schema/jboss-as-web_1_1.xsd" />
    <resource url="urn:jboss:domain:web:1.2" location="$USER_HOME$/Documents/sources_jee/wildfly-18.0.1.Final/docs/schema/jboss-as-web_1_2.xsd" />
    <resource url="urn:jboss:domain:web:1.3" location="$USER_HOME$/Documents/sources_jee/wildfly-18.0.1.Final/docs/schema/jboss-as-web_1_3.xsd" />
    <resource url="urn:jboss:domain:web:1.4" location="$USER_HOME$/Documents/sources_jee/wildfly-18.0.1.Final/docs/schema/jboss-as-web_1_4.xsd" />
    <resource url="urn:jboss:domain:web:1.5" location="$USER_HOME$/Documents/sources_jee/wildfly-18.0.1.Final/docs/schema/jboss-as-web_1_5.xsd" />
    <resource url="urn:jboss:domain:web:2.0" location="$USER_HOME$/Documents/sources_jee/wildfly-18.0.1.Final/docs/schema/jboss-as-web_2_0.xsd" />
    <resource url="urn:jboss:domain:web:2.1" location="$USER_HOME$/Documents/sources_jee/wildfly-18.0.1.Final/docs/schema/jboss-as-web_2_1.xsd" />
    <resource url="urn:jboss:domain:web:2.2" location="$USER_HOME$/Documents/sources_jee/wildfly-18.0.1.Final/docs/schema/jboss-as-web_2_2.xsd" />
    <resource url="urn:jboss:domain:webservices:1.0" location="$USER_HOME$/Documents/sources_jee/wildfly-18.0.1.Final/docs/schema/jboss-as-webservices_1_0.xsd" />
    <resource url="urn:jboss:domain:webservices:1.1" location="$USER_HOME$/Documents/sources_jee/wildfly-18.0.1.Final/docs/schema/jboss-as-webservices_1_1.xsd" />
    <resource url="urn:jboss:domain:webservices:1.2" location="$USER_HOME$/Documents/sources_jee/wildfly-18.0.1.Final/docs/schema/jboss-as-webservices_1_2.xsd" />
    <resource url="urn:jboss:domain:webservices:2.0" location="$USER_HOME$/Documents/sources_jee/wildfly-18.0.1.Final/docs/schema/jboss-as-webservices_2_0.xsd" />
    <resource url="urn:jboss:domain:weld:1.0" location="$USER_HOME$/Documents/sources_jee/wildfly-18.0.1.Final/docs/schema/jboss-as-weld_1_0.xsd" />
    <resource url="urn:jboss:domain:weld:2.0" location="$USER_HOME$/Documents/sources_jee/wildfly-18.0.1.Final/docs/schema/jboss-as-weld_2_0.xsd" />
    <resource url="urn:jboss:domain:weld:3.0" location="$USER_HOME$/Documents/sources_jee/wildfly-18.0.1.Final/docs/schema/jboss-as-weld_3_0.xsd" />
    <resource url="urn:jboss:domain:weld:4.0" location="$USER_HOME$/Documents/sources_jee/wildfly-18.0.1.Final/docs/schema/jboss-as-weld_4_0.xsd" />
    <resource url="urn:jboss:domain:xts:1.0" location="$USER_HOME$/Documents/sources_jee/wildfly-18.0.1.Final/docs/schema/jboss-as-xts_1_0.xsd" />
    <resource url="urn:jboss:domain:xts:2.0" location="$USER_HOME$/Documents/sources_jee/wildfly-18.0.1.Final/docs/schema/jboss-as-xts_2_0.xsd" />
    <resource url="urn:jboss:domain:xts:3.0" location="$USER_HOME$/Documents/sources_jee/wildfly-18.0.1.Final/docs/schema/jboss-as-xts_3_0.xsd" />
    <resource url="urn:jboss:ejb-client:1.0" location="$USER_HOME$/Documents/sources_jee/wildfly-18.0.1.Final/docs/schema/jboss-ejb-client_1_0.xsd" />
    <resource url="urn:jboss:ejb-client:1.1" location="$USER_HOME$/Documents/sources_jee/wildfly-18.0.1.Final/docs/schema/jboss-ejb-client_1_1.xsd" />
    <resource url="urn:jboss:ejb-client:1.2" location="$USER_HOME$/Documents/sources_jee/wildfly-18.0.1.Final/docs/schema/jboss-ejb-client_1_2.xsd" />
    <resource url="urn:jboss:java-properties" location="$USER_HOME$/Documents/sources_jee/wildfly-18.0.1.Final/docs/schema/java-properties_1_0.xsd" />
    <resource url="urn:jboss:jboss-jpa:1.0" location="$USER_HOME$/Documents/sources_jee/wildfly-18.0.1.Final/docs/schema/jboss-jpa_1_0.xsd" />
    <resource url="urn:jboss:jbossws-jaxws-config:4.0" location="$USER_HOME$/Documents/sources_jee/wildfly-18.0.1.Final/docs/schema/jbossws-jaxws-config_4_0.xsd" />
    <resource url="urn:jboss:jndi-binding-service:1.0" location="$USER_HOME$/Documents/sources_jee/wildfly-18.0.1.Final/docs/schema/jndi-binding-service_1_0.xsd" />
    <resource url="urn:jboss:messaging-activemq-deployment:1.0" location="$USER_HOME$/Documents/sources_jee/wildfly-18.0.1.Final/docs/schema/wildfly-messaging-activemq-deployment_1_0.xsd" />
    <resource url="urn:jboss:module:1.0" location="$USER_HOME$/Documents/sources_jee/wildfly-18.0.1.Final/docs/schema/module-1_0.xsd" />
    <resource url="urn:jboss:module:1.1" location="$USER_HOME$/Documents/sources_jee/wildfly-18.0.1.Final/docs/schema/module-1_1.xsd" />
    <resource url="urn:jboss:module:1.2" location="$USER_HOME$/Documents/sources_jee/wildfly-18.0.1.Final/docs/schema/module-1_2.xsd" />
    <resource url="urn:jboss:module:1.3" location="$USER_HOME$/Documents/sources_jee/wildfly-18.0.1.Final/docs/schema/module-1_3.xsd" />
    <resource url="urn:jboss:module:1.5" location="$USER_HOME$/Documents/sources_jee/wildfly-18.0.1.Final/docs/schema/module-1_5.xsd" />
    <resource url="urn:jboss:module:1.6" location="$USER_HOME$/Documents/sources_jee/wildfly-18.0.1.Final/docs/schema/module-1_6.xsd" />
    <resource url="urn:jboss:module:1.7" location="$USER_HOME$/Documents/sources_jee/wildfly-18.0.1.Final/docs/schema/module-1_7.xsd" />
    <resource url="urn:jboss:module:1.8" location="$USER_HOME$/Documents/sources_jee/wildfly-18.0.1.Final/docs/schema/module-1_8.xsd" />
    <resource url="urn:jboss:module:1.9" location="$USER_HOME$/Documents/sources_jee/wildfly-18.0.1.Final/docs/schema/module-1_9.xsd" />
    <resource url="urn:jboss:pojo:7.0" location="$USER_HOME$/Documents/sources_jee/wildfly-18.0.1.Final/docs/schema/jboss-pojo_7_0.xsd" />
    <resource url="urn:jboss:service:7.0" location="$USER_HOME$/Documents/sources_jee/wildfly-18.0.1.Final/docs/schema/jboss-service_7_0.xsd" />
    <resource url="urn:jboss:shared-session-config:1.0" location="$USER_HOME$/Documents/sources_jee/wildfly-18.0.1.Final/docs/schema/shared-session-config_1_0.xsd" />
    <resource url="urn:jboss:shared-session-config:2.0" location="$USER_HOME$/Documents/sources_jee/wildfly-18.0.1.Final/docs/schema/shared-session-config_2_0.xsd" />
    <resource url="urn:jboss:singleton-deployment:1.0" location="$USER_HOME$/Documents/sources_jee/wildfly-18.0.1.Final/docs/schema/singleton-deployment_1_0.xsd" />
    <resource url="urn:jboss:user-roles:1.0" location="$USER_HOME$/Documents/sources_jee/wildfly-18.0.1.Final/docs/schema/user-roles_1_0.xsd" />
    <resource url="urn:jboss:weld:1.0" location="$USER_HOME$/Documents/sources_jee/wildfly-18.0.1.Final/docs/schema/jboss-weld-1_0.xsd" />
    <resource url="urn:jboss:weld:1.1" location="$USER_HOME$/Documents/sources_jee/wildfly-18.0.1.Final/docs/schema/jboss-weld-1_1.xsd" />
    <resource url="urn:jboss:wildfly-client-ejb:3.0" location="$USER_HOME$/Documents/sources_jee/wildfly-18.0.1.Final/docs/schema/wildfly-client-ejb_3_0.xsd" />
    <resource url="urn:jboss:wildfly-client-ejb:3.1" location="$USER_HOME$/Documents/sources_jee/wildfly-18.0.1.Final/docs/schema/wildfly-client-ejb_3_1.xsd" />
    <resource url="urn:jboss:wildfly:ejb-timers:1.0" location="$USER_HOME$/Documents/sources_jee/wildfly-18.0.1.Final/docs/schema/wildfly-ejb-timer_1_0.xsd" />
  </component>
</application>